scenario_id,algorithm_variant,pareto_count
0,moccp_0.8_0.8,9
29,moccp_0.8_0.8,8
18,moccp_1_0.5,8
14,moccp_1_0.8,7
8,moccp_1_0.5,7
28,moccp_0.8_0.8,7
8,moccp_1_0.8,7
27,moccp_0.8_1,7
9,moccp_0.8_0.8,7
5,moccp_1_1,7
10,moccp_1_1,7
6,moccp_0.8_1,6
9,moccp_0.5_0.5,6
11,moccp_0.8_0.8,6
18,moccp_0.5_0.5,6
16,moccp_0.8_1,6
16,moccp_1_1,6
18,moccp_0.8_0.8,6
27,moccp_0.8_0.8,6
28,moccp_0.5_1,6
28,moccp_0.8_1,6
29,moccp_0.8_1,6
6,moccp_0.8_0.8,6
29,moccp_1_1,6
13,moccp_1_1,5
7,moccp_1_0.5,5
26,moccp_1_0.5,5
4,moccp_0.8_0.8,5
9,moccp_0.8_1,5
8,moccp_0.8_0.8,5
20,moccp_0.8_0.8,5
10,moccp_0.8_1,5
0,moccp_1_0.8,5
19,moccp_1_0.5,5
18,moccp_0.8_1,5
16,moccp_0.8_0.8,5
2,moccp_1_1,4
10,moccp_1_0.8,4
2,moccp_0.8_1,4
11,moccp_0.5_1,4
28,moccp_0.5_0.5,4
11,moccp_0.8_1,4
12,moccp_0.8_0.8,4
15,moccp_1_0.5,4
13,moccp_1_0.8,4
26,moccp_1_0.8,4
9,moccp_0.5_1,4
14,moccp_0.8_0.8,4
19,moccp_0.8_0.8,4
4,moccp_0.5_1,4
29,moccp_1_0.8,4
22,moccp_1_0.5,4
20,moccp_1_0.5,4
20,moccp_0.5_0.5,4
2,moccp_0.8_0.8,3
25,moccp_1_0.8,3
25,moccp_1_0.5,3
21,moccp_1_0.8,3
15,moccp_1_0.8,3
17,moccp_1_0.8,3
4,moccp_0.5_0.5,3
0,moccp_0.8_1,3
18,moccp_1_0.8,3
2,moccp_0.5_1,3
22,moccp_0.8_1,3
16,moccp_1_0.8,3
2,moccp_0.5_0.5,3
24,moccp_0.8_1,3
18,moccp_0.5_1,3
19,moccp_0.5_0.5,3
3,moccp_1_1,3
8,moccp_1_1,3
27,moccp_1_0.8,3
5,moccp_0.8_1,3
5,moccp_1_0.8,3
6,moccp_0.5_0.5,3
6,moccp_0.5_1,3
3,moccp_1_0.5,3
7,moccp_1_0.8,3
7,moccp_1_1,3
21,moccp_1_0.5,3
27,moccp_1_1,3
10,moccp_0.5_1,3
10,moccp_0.8_0.8,3
21,moccp_0.5_1,3
27,moccp_1_0.5,3
11,moccp_0.5_0.5,3
13,moccp_1_0.5,3
29,moccp_0.5_0.5,2
29,moccp_1_0.5,2
21,moccp_1_1,2
25,moccp_1_1,2
0,moccp_1_0.5,2
22,amoa,2
27,amoa,2
22,moccp_0.5_0.5,2
27,moccp_0.5_1,2
25,moccp_0.8_1,2
22,moccp_0.8_0.8,2
24,moccp_1_1,2
24,moccp_1_0.5,2
1,moccp_0.8_1,2
28,moccp_1_1,2
28,moccp_1_0.8,2
22,moccp_1_1,2
1,amoa,2
23,moccp_1_0.5,2
1,moccp_0.8_0.8,2
23,moccp_1_1,2
24,amoa,2
24,moccp_0.8_0.8,2
24,moccp_1_0.8,2
26,moccp_1_1,2
16,amoa,2
17,moccp_1_0.5,2
14,moccp_0.5_1,2
21,moccp_0.8_0.8,2
13,moccp_0.8_1,2
10,moccp_0.5_0.5,2
3,moccp_0.8_0.8,2
3,moccp_0.8_1,2
15,moccp_1_1,2
16,moccp_0.5_1,2
12,moccp_0.8_1,2
17,moccp_0.8_0.8,2
17,moccp_0.8_1,2
14,moccp_0.8_1,2
3,moccp_1_0.8,2
17,moccp_1_1,2
5,moccp_1_0.5,2
5,moccp_0.8_0.8,2
1,moccp_1_0.8,2
1,moccp_1_0.5,2
18,moccp_1_1,2
19,moccp_0.8_1,2
4,moccp_0.8_1,2
20,moccp_1_0.8,2
21,moccp_0.5_0.5,2
2,moccp_1_0.8,1
3,amoa,1
21,moccp_0.8_1,1
29,moccp_0.5_1,1
1,moccp_0.5_1,1
3,moccp_0.5_1,1
0,moccp_1_1,1
8,moccp_0.5_0.5,1
11,amoa,1
26,moccp_0.8_1,1
13,moccp_0.5_1,1
13,moccp_0.8_0.8,1
27,moccp_0.5_0.5,1
14,moccp_0.5_0.5,1
14,moccp_1_0.5,1
14,moccp_1_1,1
15,moccp_0.5_0.5,1
15,moccp_0.5_1,1
25,moccp_0.8_0.8,1
15,moccp_0.8_0.8,1
17,moccp_0.5_0.5,1
23,moccp_1_0.8,1
1,moccp_1_1,1
22,moccp_1_0.8,1
19,moccp_1_0.8,1
18,amoa,1
